<?xml version="1.0" encoding="UTF-8"?>
<!DOCTYPE configuration PUBLIC "-//NetBeans//DTD Tool Configuration 1.0//EN" "http://www.netbeans.org/dtds/ToolConfiguration-1_0.dtd">
<configuration>
    <tool kind="hints" type="text/x-java">
        <node name="create-javadoc">
            <attribute name="enabled" value="false"/>
        </node>
        <node name="org.netbeans.modules.java.hints.HideFieldByVar">
            <attribute name="enabled" value="false"/>
        </node>
        <node name="o.n.m.j2ee.jpa.verification.QueriesProperlyDefined">
            <attribute name="enabled" value="true"/>
        </node>
        <node name="EmptyStatements_BLOCK">
            <attribute name="enabled" value="false"/>
        </node>
        <node name="org.netbeans.modules.java.hints.jackpot.hintsimpl.LoggerStringConcat">
            <attribute name="enabled" value="false"/>
        </node>
        <node name="o.n.m.j2ee.jpa.verification.NoIdClassOnEntitySubclass">
            <attribute name="enabled" value="true"/>
        </node>
        <node name="org.netbeans.modules.java.hints.ExportNonAccessibleElement">
            <attribute name="enabled" value="false"/>
        </node>
        <node name="o.n.m.j2ee.jpa.verification.IdClassOverridesEqualsAndHashCode">
            <attribute name="enabled" value="true"/>
        </node>
        <node name="org.netbeans.modules.java.hints.EqualsMethodHint">
            <attribute name="enabled" value="false"/>
        </node>
        <node name="Imports_EXCLUDED">
            <attribute name="enabled" value="false"/>
        </node>
        <node name="org.netbeans.modules.java.hints.perf.Tiny.unnecessaryTempFromString">
            <attribute name="enabled" value="false"/>
        </node>
        <node name="org.netbeans.modules.java.hints.ClassStructure.finalPrivateMethod">
            <attribute name="enabled" value="false"/>
        </node>
        <node name="org.netbeans.modules.java.hints.perf.NoBooleanConstructor">
            <attribute name="enabled" value="false"/>
        </node>
        <node name="org.netbeans.modules.java.hints.control.RedundantIf">
            <attribute name="enabled" value="false"/>
        </node>
        <node name="org.netbeans.modules.java.hints.perf.Tiny.stringConstructor">
            <attribute name="enabled" value="false"/>
        </node>
        <node name="org.netbeans.modules.java.hints.perf.Tiny.enumMap">
            <attribute name="enabled" value="false"/>
        </node>
        <node name="org.netbeans.modules.java.hints.perf.ManualArrayCopy">
            <attribute name="enabled" value="false"/>
        </node>
        <node name="org.netbeans.modules.java.hints.RemoveUnnecessaryReturn">
            <attribute name="enabled" value="false"/>
        </node>
        <node name="o.n.m.j2ee.jpa.verification.ValidAttributes">
            <attribute name="enabled" value="true"/>
        </node>
        <node name="o.n.m.j2ee.jpa.verification.PublicClass">
            <attribute name="enabled" value="true"/>
        </node>
        <node name="org.netbeans.modules.java.hints.perf.Tiny.redundantToString">
            <attribute name="enabled" value="false"/>
        </node>
        <node name="o.n.m.j2ee.jpa.verification.SerializableClass">
            <attribute name="enabled" value="true"/>
        </node>
        <node name="error-in-javadoc">
            <attribute name="enabled" value="false"/>
        </node>
        <node name="Imports_SAME_PACKAGE">
            <attribute name="enabled" value="false"/>
        </node>
        <node name="Imports_DEFAULT_PACKAGE">
            <attribute name="enabled" value="false"/>
        </node>
        <node name="o.n.m.j2ee.jpa.verification.TopLevelClass">
            <attribute name="enabled" value="true"/>
        </node>
        <node name="org.netbeans.modules.java.hints.perf.Tiny.enumSet">
            <attribute name="enabled" value="false"/>
        </node>
        <node name="org.netbeans.modules.java.hints.WrongPackageSuggestion">
            <attribute name="enabled" value="false"/>
        </node>
        <node name="EmptyStatements_WHILE_LOOP">
            <attribute name="enabled" value="false"/>
        </node>
        <node name="org.netbeans.modules.java.hints.OverridableMethodCallInConstructor">
            <attribute name="enabled" value="false"/>
        </node>
        <node name="o.n.m.j2ee.jpa.verification.ConsistentAccessType">
            <attribute name="enabled" value="true"/>
        </node>
        <node name="org.netbeans.modules.java.hints.suggestions.ConvertIfToSwitch">
            <attribute name="enabled" value="false"/>
        </node>
        <node name="org.netbeans.modules.java.openjdk.jtreg.MissingRefOutputHint">
            <attribute name="enabled" value="false"/>
        </node>
        <node name="o.n.m.j2ee.jpa.verification.PersistenceUnitPresent">
            <attribute name="enabled" value="true"/>
        </node>
        <node name="org.netbeans.modules.editor.htmlui.JSNI2JavaScriptBody">
            <attribute name="enabled" value="false"/>
        </node>
        <node name="o.n.m.j2ee.jpa.verification.OnlyEntityOrMappedSuperclassCanUseIdClass">
            <attribute name="enabled" value="true"/>
        </node>
        <node name="org.netbeans.modules.java.hints.jdk.ConvertTextBlockToString">
            <attribute name="enabled" value="false"/>
        </node>
        <node name="org.netbeans.modules.java.hints.control.RedundantConditional">
            <attribute name="enabled" value="false"/>
        </node>
        <node name="Imports_UNUSED">
            <attribute name="enabled" value="false"/>
        </node>
        <node name="AssignmentToItself">
            <attribute name="enabled" value="false"/>
        </node>
        <node name="o.n.m.j2ee.jpa.verification.JPQLValidation">
            <attribute name="enabled" value="true"/>
        </node>
        <node name="org.netbeans.modules.java.hints.MissingHashCode">
            <attribute name="enabled" value="false"/>
        </node>
        <node name="org.netbeans.modules.java.hints.LeakingThisInConstructor">
            <attribute name="enabled" value="false"/>
        </node>
        <node name="EmptyStatements_DO_WHILE_LOOP">
            <attribute name="enabled" value="false"/>
        </node>
        <node name="org.netbeans.modules.java.hints.finalize.FinalizeDoesNotCallSuper">
            <attribute name="enabled" value="false"/>
        </node>
        <node name="o.n.m.j2ee.jpa.verification.HasNoArgConstructor">
            <attribute name="enabled" value="true"/>
        </node>
        <node name="org.netbeans.modules.java.hints.StaticNonFinalUsedInInitialization">
            <attribute name="enabled" value="false"/>
        </node>
        <node name="Wrong_String_Comparison">
            <attribute name="enabled" value="false"/>
        </node>
        <node name="org.netbeans.modules.java.hints.finalize.FinalizeDeclared">
            <attribute name="enabled" value="false"/>
        </node>
        <node name="org.netbeans.modules.java.hints.LoggerNotStaticFinal">
            <attribute name="enabled" value="false"/>
        </node>
        <node name="org.netbeans.modules.java.hints.perf.SizeEqualsZero">
            <attribute name="enabled" value="false"/>
        </node>
        <node name="org.netbeans.modules.java.hints.perf.StringBuffer2Builder">
            <attribute name="enabled" value="false"/>
        </node>
        <node name="o.n.m.j2ee.jpa.verification.JPAAnnotsOnlyOnAccesor">
            <attribute name="enabled" value="true"/>
        </node>
        <node name="unnecessaryBreakLabel">
            <attribute name="enabled" value="false"/>
        </node>
        <node name="StringBuilderAppend">
            <attribute name="enabled" value="false"/>
        </node>
        <node name="o.n.m.j2ee.jpa.verification.UniqueEntityName">
            <attribute name="enabled" value="true"/>
        </node>
        <node name="org.netbeans.modules.java.hints.MultipleLoggers">
            <attribute name="enabled" value="false"/>
        </node>
        <node name="o.n.m.j2ee.jpa.verification.NonFinalClass">
            <attribute name="enabled" value="true"/>
        </node>
        <node name="org.netbeans.modules.java.openjdk.jtreg.ModulesHint">
            <attribute name="enabled" value="false"/>
        </node>
        <node name="org.netbeans.modules.java.hints.StaticAccess">
            <attribute name="enabled" value="false"/>
        </node>
        <node name="EmptyStatements_FOR_LOOP">
            <attribute name="enabled" value="false"/>
        </node>
        <node name="org.netbeans.modules.java.openjdk.jtreg.TagOrderHint">
            <attribute name="enabled" value="false"/>
        </node>
        <node name="o.n.m.j2ee.jpa.verification.ValidPrimaryTableName">
            <attribute name="enabled" value="true"/>
        </node>
        <node name="org.netbeans.modules.java.hints.HideField">
            <attribute name="enabled" value="false"/>
        </node>
        <node name="org.netbeans.modules.java.hints.perf.BoxingOfBoxingValue">
            <attribute name="enabled" value="false"/>
        </node>
        <node name="org.netbeans.modules.java.hints.perf.ReplaceBufferByString">
            <attribute name="enabled" value="false"/>
        </node>
        <node name="org.netbeans.modules.java.hints.control.RemoveUnnecessary.unnecessaryContinue">
            <attribute name="enabled" value="false"/>
        </node>
        <node name="org.netbeans.modules.java.hints.jdk.ThrowableInitCause">
            <attribute name="enabled" value="false"/>
        </node>
        <node name="o.n.m.j2ee.jpa.verification.IdDefinedInHierarchy">
            <attribute name="enabled" value="true"/>
        </node>
        <node name="unnecessaryContinueLabel">
            <attribute name="enabled" value="false"/>
        </node>
        <node name="org.netbeans.modules.java.hints.perf.Tiny.unnecessaryTypeToString">
            <attribute name="enabled" value="false"/>
        </node>
        <node name="org.netbeans.modules.java.hints.InitializerCanBeStatic">
            <attribute name="enabled" value="false"/>
        </node>
        <node name="org.netbeans.modules.java.hints.jdk.mapreduce.ForLoopToFunctionalHint">
            <attribute name="enabled" value="false"/>
        </node>
        <node name="o.n.m.j2ee.jpa.verification.LegalCombinationOfAnnotations">
            <attribute name="enabled" value="true"/>
        </node>
        <node name="org.netbeans.modules.java.hints.finalize.CallFinalize">
            <attribute name="enabled" value="false"/>
        </node>
        <node name="org.netbeans.modules.java.hints.threading.Tiny.canBeFinal">
            <attribute name="enabled" value="false"/>
        </node>
    </tool>
</configuration>
